[{"model": "admin.logentry", "pk": 1, "fields": {"action_time": "2022-06-27T05:07:49.443Z", "user": 1, "content_type": 9, "object_id": "21", "object_repr": "Answer object (21)", "action_flag": 2, "change_message": "[{\"changed\": {\"fields\": [\"Right\"]}}]"}}, {"model": "admin.logentry", "pk": 2, "fields": {"action_time": "2022-06-27T05:08:32.840Z", "user": 1, "content_type": 9, "object_id": "20", "object_repr": "Answer object (20)", "action_flag": 2, "change_message": "[{\"changed\": {\"fields\": [\"Content\", \"Rating\"]}}]"}}, {"model": "admin.logentry", "pk": 3, "fields": {"action_time": "2022-06-27T05:09:19.448Z", "user": 1, "content_type": 8, "object_id": "11", "object_repr": "Question object (11)", "action_flag": 2, "change_message": "[{\"changed\": {\"fields\": [\"Content\", \"Rating\"]}}]"}}, {"model": "admin.logentry", "pk": 4, "fields": {"action_time": "2022-06-27T05:09:29.718Z", "user": 1, "content_type": 8, "object_id": "9", "object_repr": "Question object (9)", "action_flag": 2, "change_message": "[{\"changed\": {\"fields\": [\"Rating\"]}}]"}}, {"model": "admin.logentry", "pk": 5, "fields": {"action_time": "2022-06-27T05:09:59.259Z", "user": 1, "content_type": 8, "object_id": "7", "object_repr": "Question object (7)", "action_flag": 2, "change_message": "[{\"changed\": {\"fields\": [\"Content\"]}}]"}}, {"model": "admin.logentry", "pk": 6, "fields": {"action_time": "2022-06-27T05:10:02.620Z", "user": 1, "content_type": 8, "object_id": "4", "object_repr": "Question object (4)", "action_flag": 2, "change_message": "[{\"changed\": {\"fields\": [\"Content\"]}}]"}}, {"model": "admin.logentry", "pk": 7, "fields": {"action_time": "2022-06-27T05:10:06.259Z", "user": 1, "content_type": 8, "object_id": "8", "object_repr": "Question object (8)", "action_flag": 2, "change_message": "[{\"changed\": {\"fields\": [\"Content\"]}}]"}}, {"model": "admin.logentry", "pk": 8, "fields": {"action_time": "2022-06-27T05:10:09.403Z", "user": 1, "content_type": 8, "object_id": "10", "object_repr": "Question object (10)", "action_flag": 2, "change_message": "[{\"changed\": {\"fields\": [\"Content\"]}}]"}}, {"model": "admin.logentry", "pk": 9, "fields": {"action_time": "2022-06-27T05:10:13.563Z", "user": 1, "content_type": 8, "object_id": "11", "object_repr": "Question object (11)", "action_flag": 2, "change_message": "[]"}}, {"model": "admin.logentry", "pk": 10, "fields": {"action_time": "2022-06-27T05:10:18.203Z", "user": 1, "content_type": 8, "object_id": "3", "object_repr": "Question object (3)", "action_flag": 2, "change_message": "[{\"changed\": {\"fields\": [\"Content\"]}}]"}}, {"model": "admin.logentry", "pk": 11, "fields": {"action_time": "2022-06-27T05:10:21.706Z", "user": 1, "content_type": 8, "object_id": "5", "object_repr": "Question object (5)", "action_flag": 2, "change_message": "[]"}}, {"model": "admin.logentry", "pk": 12, "fields": {"action_time": "2022-06-27T05:10:30.913Z", "user": 1, "content_type": 8, "object_id": "5", "object_repr": "Question object (5)", "action_flag": 2, "change_message": "[{\"changed\": {\"fields\": [\"Rating\"]}}]"}}, {"model": "auth.permission", "pk": 1, "fields": {"name": "Can add log entry", "content_type": 1, "codename": "add_logentry"}}, {"model": "auth.permission", "pk": 2, "fields": {"name": "Can change log entry", "content_type": 1, "codename": "change_logentry"}}, {"model": "auth.permission", "pk": 3, "fields": {"name": "Can delete log entry", "content_type": 1, "codename": "delete_logentry"}}, {"model": "auth.permission", "pk": 4, "fields": {"name": "Can view log entry", "content_type": 1, "codename": "view_logentry"}}, {"model": "auth.permission", "pk": 5, "fields": {"name": "Can add permission", "content_type": 2, "codename": "add_permission"}}, {"model": "auth.permission", "pk": 6, "fields": {"name": "Can change permission", "content_type": 2, "codename": "change_permission"}}, {"model": "auth.permission", "pk": 7, "fields": {"name": "Can delete permission", "content_type": 2, "codename": "delete_permission"}}, {"model": "auth.permission", "pk": 8, "fields": {"name": "Can view permission", "content_type": 2, "codename": "view_permission"}}, {"model": "auth.permission", "pk": 9, "fields": {"name": "Can add group", "content_type": 3, "codename": "add_group"}}, {"model": "auth.permission", "pk": 10, "fields": {"name": "Can change group", "content_type": 3, "codename": "change_group"}}, {"model": "auth.permission", "pk": 11, "fields": {"name": "Can delete group", "content_type": 3, "codename": "delete_group"}}, {"model": "auth.permission", "pk": 12, "fields": {"name": "Can view group", "content_type": 3, "codename": "view_group"}}, {"model": "auth.permission", "pk": 13, "fields": {"name": "Can add content type", "content_type": 4, "codename": "add_contenttype"}}, {"model": "auth.permission", "pk": 14, "fields": {"name": "Can change content type", "content_type": 4, "codename": "change_contenttype"}}, {"model": "auth.permission", "pk": 15, "fields": {"name": "Can delete content type", "content_type": 4, "codename": "delete_contenttype"}}, {"model": "auth.permission", "pk": 16, "fields": {"name": "Can view content type", "content_type": 4, "codename": "view_contenttype"}}, {"model": "auth.permission", "pk": 17, "fields": {"name": "Can add session", "content_type": 5, "codename": "add_session"}}, {"model": "auth.permission", "pk": 18, "fields": {"name": "Can change session", "content_type": 5, "codename": "change_session"}}, {"model": "auth.permission", "pk": 19, "fields": {"name": "Can delete session", "content_type": 5, "codename": "delete_session"}}, {"model": "auth.permission", "pk": 20, "fields": {"name": "Can view session", "content_type": 5, "codename": "view_session"}}, {"model": "auth.permission", "pk": 21, "fields": {"name": "Can add user", "content_type": 6, "codename": "add_customuser"}}, {"model": "auth.permission", "pk": 22, "fields": {"name": "Can change user", "content_type": 6, "codename": "change_customuser"}}, {"model": "auth.permission", "pk": 23, "fields": {"name": "Can delete user", "content_type": 6, "codename": "delete_customuser"}}, {"model": "auth.permission", "pk": 24, "fields": {"name": "Can view user", "content_type": 6, "codename": "view_customuser"}}, {"model": "auth.permission", "pk": 25, "fields": {"name": "Can add tag", "content_type": 7, "codename": "add_tag"}}, {"model": "auth.permission", "pk": 26, "fields": {"name": "Can change tag", "content_type": 7, "codename": "change_tag"}}, {"model": "auth.permission", "pk": 27, "fields": {"name": "Can delete tag", "content_type": 7, "codename": "delete_tag"}}, {"model": "auth.permission", "pk": 28, "fields": {"name": "Can view tag", "content_type": 7, "codename": "view_tag"}}, {"model": "auth.permission", "pk": 29, "fields": {"name": "Can add question", "content_type": 8, "codename": "add_question"}}, {"model": "auth.permission", "pk": 30, "fields": {"name": "Can change question", "content_type": 8, "codename": "change_question"}}, {"model": "auth.permission", "pk": 31, "fields": {"name": "Can delete question", "content_type": 8, "codename": "delete_question"}}, {"model": "auth.permission", "pk": 32, "fields": {"name": "Can view question", "content_type": 8, "codename": "view_question"}}, {"model": "auth.permission", "pk": 33, "fields": {"name": "Can add answer", "content_type": 9, "codename": "add_answer"}}, {"model": "auth.permission", "pk": 34, "fields": {"name": "Can change answer", "content_type": 9, "codename": "change_answer"}}, {"model": "auth.permission", "pk": 35, "fields": {"name": "Can delete answer", "content_type": 9, "codename": "delete_answer"}}, {"model": "auth.permission", "pk": 36, "fields": {"name": "Can view answer", "content_type": 9, "codename": "view_answer"}}, {"model": "auth.permission", "pk": 37, "fields": {"name": "Can add vote", "content_type": 10, "codename": "add_vote"}}, {"model": "auth.permission", "pk": 38, "fields": {"name": "Can change vote", "content_type": 10, "codename": "change_vote"}}, {"model": "auth.permission", "pk": 39, "fields": {"name": "Can delete vote", "content_type": 10, "codename": "delete_vote"}}, {"model": "auth.permission", "pk": 40, "fields": {"name": "Can view vote", "content_type": 10, "codename": "view_vote"}}, {"model": "auth.permission", "pk": 41, "fields": {"name": "Can add vote answer", "content_type": 11, "codename": "add_voteanswer"}}, {"model": "auth.permission", "pk": 42, "fields": {"name": "Can change vote answer", "content_type": 11, "codename": "change_voteanswer"}}, {"model": "auth.permission", "pk": 43, "fields": {"name": "Can delete vote answer", "content_type": 11, "codename": "delete_voteanswer"}}, {"model": "auth.permission", "pk": 44, "fields": {"name": "Can view vote answer", "content_type": 11, "codename": "view_voteanswer"}}, {"model": "contenttypes.contenttype", "pk": 1, "fields": {"app_label": "admin", "model": "logentry"}}, {"model": "contenttypes.contenttype", "pk": 2, "fields": {"app_label": "auth", "model": "permission"}}, {"model": "contenttypes.contenttype", "pk": 3, "fields": {"app_label": "auth", "model": "group"}}, {"model": "contenttypes.contenttype", "pk": 4, "fields": {"app_label": "contenttypes", "model": "contenttype"}}, {"model": "contenttypes.contenttype", "pk": 5, "fields": {"app_label": "sessions", "model": "session"}}, {"model": "contenttypes.contenttype", "pk": 6, "fields": {"app_label": "users", "model": "customuser"}}, {"model": "contenttypes.contenttype", "pk": 7, "fields": {"app_label": "blog", "model": "tag"}}, {"model": "contenttypes.contenttype", "pk": 8, "fields": {"app_label": "blog", "model": "question"}}, {"model": "contenttypes.contenttype", "pk": 9, "fields": {"app_label": "blog", "model": "answer"}}, {"model": "contenttypes.contenttype", "pk": 10, "fields": {"app_label": "blog", "model": "vote"}}, {"model": "contenttypes.contenttype", "pk": 11, "fields": {"app_label": "blog", "model": "voteanswer"}}, {"model": "sessions.session", "pk": "y8gsko9fznvwc7ylztt3uz1ycu6bcfv5", "fields": {"session_data": ".eJxVjDsOgzAQBe_iOrLwZ2FJmZ4zWOv1EkgiW8JQRbl7QKJI2jcz760CbesUtipLmJO6KqMuv1skfko-QHpQvhfNJa_LHPWh6JNWPZQkr9vp_h1MVKe99mO0AOh7347CtvGp5R7Idb1BZCIHUQQMNtYxOjTQke1GgyzGx91Rny_NvTch:1o5gx4:76WgqIT4yTmrTwhPvrr2KygRHeGKlSeNL-pTMJp71GY", "expire_date": "2022-07-11T05:06:22.992Z"}}, {"model": "users.customuser", "pk": 1, "fields": {"password": "pbkdf2_sha256$320000$RSJK1VYn0TUBjyBZcAg0bS$70/x0e4wxVJl4DtNEUd2aYjxhpXsHSRKtFsbT94VNVM=", "last_login": "2022-06-27T05:06:22.987Z", "is_superuser": true, "username": "admin", "first_name": "", "last_name": "", "is_staff": true, "is_active": true, "date_joined": "2022-06-27T04:43:23.752Z", "email": "aa@mail.ru", "profile_pic": "images/profile/img_H39IEEY.png", "groups": [], "user_permissions": []}}, {"model": "users.customuser", "pk": 2, "fields": {"password": "pbkdf2_sha256$320000$8WjsJkqzste4SaTPsvZ4Rg$/u8GJ1Ybg17HN9+ysLJBt94om3MsPlLwXZUaRrAJXO0=", "last_login": "2022-06-27T05:03:17.827Z", "is_superuser": false, "username": "user", "first_name": "", "last_name": "", "is_staff": false, "is_active": true, "date_joined": "2022-06-27T04:55:07.210Z", "email": "user@mail.ru", "profile_pic": "images/profile/img2_z1bxRpz.png", "groups": [], "user_permissions": []}}, {"model": "blog.tag", "pk": 1, "fields": {"tag": "tag1"}}, {"model": "blog.tag", "pk": 2, "fields": {"tag": "work"}}, {"model": "blog.tag", "pk": 3, "fields": {"tag": "tag1"}}, {"model": "blog.tag", "pk": 4, "fields": {"tag": "тэг"}}, {"model": "blog.tag", "pk": 5, "fields": {"tag": "много"}}, {"model": "blog.tag", "pk": 6, "fields": {"tag": "tag1"}}, {"model": "blog.tag", "pk": 7, "fields": {"tag": "тэг"}}, {"model": "blog.tag", "pk": 8, "fields": {"tag": "тэг"}}, {"model": "blog.tag", "pk": 9, "fields": {"tag": "rating"}}, {"model": "blog.tag", "pk": 10, "fields": {"tag": "tag1"}}, {"model": "blog.tag", "pk": 11, "fields": {"tag": "тэг"}}, {"model": "blog.tag", "pk": 12, "fields": {"tag": "tag1"}}, {"model": "blog.tag", "pk": 13, "fields": {"tag": "тэг2"}}, {"model": "blog.tag", "pk": 14, "fields": {"tag": "1"}}, {"model": "blog.tag", "pk": 15, "fields": {"tag": "тэг"}}, {"model": "blog.tag", "pk": 16, "fields": {"tag": "tag1"}}, {"model": "blog.tag", "pk": 17, "fields": {"tag": "тэг2"}}, {"model": "blog.tag", "pk": 18, "fields": {"tag": "тэг"}}, {"model": "blog.tag", "pk": 19, "fields": {"tag": "тэг1"}}, {"model": "blog.tag", "pk": 20, "fields": {"tag": "тэг"}}, {"model": "blog.tag", "pk": 21, "fields": {"tag": "тэг"}}, {"model": "blog.question", "pk": 1, "fields": {"title": "Вопрос 1", "content": "Текст вопроса 1", "date": "2022-06-27T04:46:26.979Z", "author": 1, "tag": 1, "tag2": null, "tag3": null, "rating": 0}}, {"model": "blog.question", "pk": 2, "fields": {"title": "Сайт работает?", "content": "Вопрос о работе сайта", "date": "2022-06-27T04:47:05.089Z", "author": 1, "tag": 2, "tag2": null, "tag3": null, "rating": 0}}, {"model": "blog.question", "pk": 3, "fields": {"title": "Вопрос 2", "content": "контент вопроса", "date": "2022-06-27T04:48:41.909Z", "author": 1, "tag": 3, "tag2": null, "tag3": null, "rating": 0}}, {"model": "blog.question", "pk": 4, "fields": {"title": "Вопрос 5", "content": "контент вопроса", "date": "2022-06-27T04:50:19.336Z", "author": 1, "tag": 4, "tag2": null, "tag3": null, "rating": 0}}, {"model": "blog.question", "pk": 5, "fields": {"title": "Много ответов", "content": "Тут будет много ответов", "date": "2022-06-27T04:50:50.663Z", "author": 1, "tag": 5, "tag2": null, "tag3": null, "rating": 42}}, {"model": "blog.question", "pk": 6, "fields": {"title": "Вопрос 4", "content": "ответ4", "date": "2022-06-27T04:51:08.047Z", "author": 1, "tag": 6, "tag2": null, "tag3": null, "rating": 0}}, {"model": "blog.question", "pk": 7, "fields": {"title": "новый вопрос", "content": "контент вопроса", "date": "2022-06-27T04:51:25.599Z", "author": 1, "tag": 7, "tag2": null, "tag3": null, "rating": 0}}, {"model": "blog.question", "pk": 8, "fields": {"title": "Вопрос 6", "content": "контент вопроса", "date": "2022-06-27T04:51:40.653Z", "author": 1, "tag": 8, "tag2": null, "tag3": null, "rating": 0}}, {"model": "blog.question", "pk": 9, "fields": {"title": "С большим рейтингом", "content": "нужен рейтинг", "date": "2022-06-27T04:52:17.796Z", "author": 1, "tag": 9, "tag2": null, "tag3": null, "rating": 100}}, {"model": "blog.question", "pk": 10, "fields": {"title": "Вопрос 7", "content": "контент вопроса", "date": "2022-06-27T04:54:18.296Z", "author": 1, "tag": 10, "tag2": null, "tag3": null, "rating": 1}}, {"model": "blog.question", "pk": 11, "fields": {"title": "Вопрос 8", "content": "контент вопроса", "date": "2022-06-27T04:55:52.164Z", "author": 2, "tag": 11, "tag2": null, "tag3": null, "rating": 2}}, {"model": "blog.question", "pk": 12, "fields": {"title": "Вопрос 10", "content": "суть вопроса", "date": "2022-06-27T04:57:59.879Z", "author": 2, "tag": 12, "tag2": null, "tag3": null, "rating": 0}}, {"model": "blog.question", "pk": 13, "fields": {"title": "Вопрос 11", "content": "тело вопроса", "date": "2022-06-27T04:58:13.670Z", "author": 2, "tag": 13, "tag2": null, "tag3": null, "rating": 0}}, {"model": "blog.question", "pk": 14, "fields": {"title": "Вопрос 12", "content": "описание вопроса", "date": "2022-06-27T04:58:38.352Z", "author": 2, "tag": 14, "tag2": null, "tag3": null, "rating": 0}}, {"model": "blog.question", "pk": 15, "fields": {"title": "Вопрос 20", "content": "контент вопроса", "date": "2022-06-27T05:04:02.203Z", "author": 2, "tag": 15, "tag2": null, "tag3": null, "rating": 0}}, {"model": "blog.question", "pk": 16, "fields": {"title": "новый вопрос", "content": "контент вопроса", "date": "2022-06-27T05:04:31.490Z", "author": 2, "tag": 16, "tag2": null, "tag3": null, "rating": 0}}, {"model": "blog.question", "pk": 17, "fields": {"title": "Вопрос", "content": "контент вопроса", "date": "2022-06-27T05:04:46.864Z", "author": 2, "tag": 17, "tag2": null, "tag3": null, "rating": 0}}, {"model": "blog.question", "pk": 18, "fields": {"title": "Вопрос 20", "content": "контент вопроса", "date": "2022-06-27T05:05:06.831Z", "author": 2, "tag": 18, "tag2": null, "tag3": null, "rating": 0}}, {"model": "blog.question", "pk": 19, "fields": {"title": "Вопрос 11", "content": "контент вопроса", "date": "2022-06-27T05:05:22.752Z", "author": 2, "tag": 19, "tag2": null, "tag3": null, "rating": 0}}, {"model": "blog.question", "pk": 20, "fields": {"title": "Вопрос", "content": "контент вопроса", "date": "2022-06-27T05:05:38.772Z", "author": 2, "tag": 20, "tag2": null, "tag3": null, "rating": 0}}, {"model": "blog.question", "pk": 21, "fields": {"title": "Вопрос", "content": "контент вопроса", "date": "2022-06-27T05:05:53.588Z", "author": 2, "tag": 21, "tag2": null, "tag3": null, "rating": 0}}, {"model": "blog.answer", "pk": 1, "fields": {"content": "ответ от пользователя", "date": "2022-06-27T04:56:14.070Z", "author": 2, "right": false, "question_pk": 5, "rating": 0}}, {"model": "blog.answer", "pk": 2, "fields": {"content": "ответ от пользователя", "date": "2022-06-27T04:56:23.661Z", "author": 2, "right": false, "question_pk": 5, "rating": 1}}, {"model": "blog.answer", "pk": 3, "fields": {"content": "ответ2", "date": "2022-06-27T04:56:36.111Z", "author": 2, "right": false, "question_pk": 5, "rating": 0}}, {"model": "blog.answer", "pk": 4, "fields": {"content": "ответ3", "date": "2022-06-27T04:56:40.413Z", "author": 2, "right": false, "question_pk": 5, "rating": 0}}, {"model": "blog.answer", "pk": 5, "fields": {"content": "ответ4", "date": "2022-06-27T04:56:49.253Z", "author": 2, "right": false, "question_pk": 5, "rating": 0}}, {"model": "blog.answer", "pk": 6, "fields": {"content": "ответ5", "date": "2022-06-27T04:59:00.705Z", "author": 2, "right": false, "question_pk": 5, "rating": 0}}, {"model": "blog.answer", "pk": 7, "fields": {"content": "мой ответ", "date": "2022-06-27T04:59:10.433Z", "author": 2, "right": false, "question_pk": 5, "rating": 0}}, {"model": "blog.answer", "pk": 8, "fields": {"content": "ответ7", "date": "2022-06-27T04:59:22.120Z", "author": 2, "right": false, "question_pk": 5, "rating": 0}}, {"model": "blog.answer", "pk": 9, "fields": {"content": "ответ8", "date": "2022-06-27T04:59:32.135Z", "author": 2, "right": false, "question_pk": 5, "rating": 0}}, {"model": "blog.answer", "pk": 10, "fields": {"content": "ответ9", "date": "2022-06-27T04:59:37.056Z", "author": 2, "right": false, "question_pk": 5, "rating": 0}}, {"model": "blog.answer", "pk": 11, "fields": {"content": "ответ10", "date": "2022-06-27T04:59:42.702Z", "author": 2, "right": false, "question_pk": 5, "rating": 0}}, {"model": "blog.answer", "pk": 12, "fields": {"content": "ответ11", "date": "2022-06-27T04:59:50.047Z", "author": 2, "right": false, "question_pk": 5, "rating": 0}}, {"model": "blog.answer", "pk": 13, "fields": {"content": "ответ123", "date": "2022-06-27T04:59:57.047Z", "author": 2, "right": false, "question_pk": 5, "rating": 0}}, {"model": "blog.answer", "pk": 14, "fields": {"content": "ответ20", "date": "2022-06-27T05:00:07.798Z", "author": 2, "right": false, "question_pk": 5, "rating": 0}}, {"model": "blog.answer", "pk": 15, "fields": {"content": "ответ21", "date": "2022-06-27T05:00:12.438Z", "author": 2, "right": false, "question_pk": 5, "rating": 0}}, {"model": "blog.answer", "pk": 16, "fields": {"content": "ответ22", "date": "2022-06-27T05:00:16.526Z", "author": 2, "right": false, "question_pk": 5, "rating": 0}}, {"model": "blog.answer", "pk": 17, "fields": {"content": "ответ23", "date": "2022-06-27T05:00:25.646Z", "author": 2, "right": false, "question_pk": 5, "rating": 0}}, {"model": "blog.answer", "pk": 18, "fields": {"content": "ответ", "date": "2022-06-27T05:00:31.773Z", "author": 2, "right": false, "question_pk": 5, "rating": 0}}, {"model": "blog.answer", "pk": 19, "fields": {"content": "ответ", "date": "2022-06-27T05:00:40.709Z", "author": 2, "right": false, "question_pk": 5, "rating": 0}}, {"model": "blog.answer", "pk": 20, "fields": {"content": "ответ c высоким рейтингом", "date": "2022-06-27T05:00:45.548Z", "author": 2, "right": false, "question_pk": 5, "rating": 21}}, {"model": "blog.answer", "pk": 21, "fields": {"content": "ответ с пометкой правильный", "date": "2022-06-27T05:01:05.947Z", "author": 2, "right": true, "question_pk": 5, "rating": 0}}, {"model": "blog.answer", "pk": 22, "fields": {"content": "ответ2", "date": "2022-06-27T05:01:17.731Z", "author": 2, "right": false, "question_pk": 5, "rating": 0}}, {"model": "blog.answer", "pk": 23, "fields": {"content": "ответ20", "date": "2022-06-27T05:01:23.498Z", "author": 2, "right": false, "question_pk": 5, "rating": 0}}, {"model": "blog.answer", "pk": 24, "fields": {"content": "ответ21", "date": "2022-06-27T05:01:33.033Z", "author": 2, "right": false, "question_pk": 5, "rating": 0}}, {"model": "blog.answer", "pk": 25, "fields": {"content": "ответ22", "date": "2022-06-27T05:01:39.169Z", "author": 2, "right": false, "question_pk": 5, "rating": 0}}, {"model": "blog.answer", "pk": 26, "fields": {"content": "ответ23", "date": "2022-06-27T05:01:44.408Z", "author": 2, "right": false, "question_pk": 5, "rating": 0}}, {"model": "blog.answer", "pk": 27, "fields": {"content": "ответ25", "date": "2022-06-27T05:02:07.183Z", "author": 2, "right": false, "question_pk": 5, "rating": 0}}, {"model": "blog.answer", "pk": 28, "fields": {"content": "ответ26", "date": "2022-06-27T05:02:16.518Z", "author": 2, "right": false, "question_pk": 5, "rating": 0}}, {"model": "blog.answer", "pk": 29, "fields": {"content": "ответ27", "date": "2022-06-27T05:02:21.486Z", "author": 2, "right": false, "question_pk": 5, "rating": 0}}, {"model": "blog.answer", "pk": 30, "fields": {"content": "ответ28", "date": "2022-06-27T05:02:28.350Z", "author": 2, "right": false, "question_pk": 5, "rating": 0}}, {"model": "blog.answer", "pk": 31, "fields": {"content": "ответ29", "date": "2022-06-27T05:02:36.605Z", "author": 2, "right": false, "question_pk": 5, "rating": 0}}, {"model": "blog.answer", "pk": 32, "fields": {"content": "ответ31", "date": "2022-06-27T05:02:41.252Z", "author": 2, "right": false, "question_pk": 5, "rating": 0}}, {"model": "blog.answer", "pk": 33, "fields": {"content": "ответ32", "date": "2022-06-27T05:02:47.468Z", "author": 2, "right": false, "question_pk": 5, "rating": 0}}, {"model": "blog.vote", "pk": 1, "fields": {"user": 2, "question_pk": 10, "vote": true}}, {"model": "blog.vote", "pk": 2, "fields": {"user": 2, "question_pk": 9, "vote": true}}, {"model": "blog.voteanswer", "pk": 1, "fields": {"user": 2, "answer_pk": 2, "vote": true}}]