[{"model": "admin.logentry", "pk": 1, "fields": {"action_time": "2022-08-01T12:01:26.092Z", "user": 1, "content_type": 8, "object_id": "2", "object_repr": "Question object (2)", "action_flag": 2, "change_message": "[{\"changed\": {\"fields\": [\"Rating\"]}}]"}}, {"model": "admin.logentry", "pk": 2, "fields": {"action_time": "2022-08-01T12:01:30.386Z", "user": 1, "content_type": 8, "object_id": "1", "object_repr": "Question object (1)", "action_flag": 2, "change_message": "[{\"changed\": {\"fields\": [\"Rating\"]}}]"}}, {"model": "admin.logentry", "pk": 3, "fields": {"action_time": "2022-08-01T12:16:25.933Z", "user": 1, "content_type": 9, "object_id": "8", "object_repr": "Answer object (8)", "action_flag": 3, "change_message": ""}}, {"model": "auth.permission", "pk": 1, "fields": {"name": "Can add log entry", "content_type": 1, "codename": "add_logentry"}}, {"model": "auth.permission", "pk": 2, "fields": {"name": "Can change log entry", "content_type": 1, "codename": "change_logentry"}}, {"model": "auth.permission", "pk": 3, "fields": {"name": "Can delete log entry", "content_type": 1, "codename": "delete_logentry"}}, {"model": "auth.permission", "pk": 4, "fields": {"name": "Can view log entry", "content_type": 1, "codename": "view_logentry"}}, {"model": "auth.permission", "pk": 5, "fields": {"name": "Can add permission", "content_type": 2, "codename": "add_permission"}}, {"model": "auth.permission", "pk": 6, "fields": {"name": "Can change permission", "content_type": 2, "codename": "change_permission"}}, {"model": "auth.permission", "pk": 7, "fields": {"name": "Can delete permission", "content_type": 2, "codename": "delete_permission"}}, {"model": "auth.permission", "pk": 8, "fields": {"name": "Can view permission", "content_type": 2, "codename": "view_permission"}}, {"model": "auth.permission", "pk": 9, "fields": {"name": "Can add group", "content_type": 3, "codename": "add_group"}}, {"model": "auth.permission", "pk": 10, "fields": {"name": "Can change group", "content_type": 3, "codename": "change_group"}}, {"model": "auth.permission", "pk": 11, "fields": {"name": "Can delete group", "content_type": 3, "codename": "delete_group"}}, {"model": "auth.permission", "pk": 12, "fields": {"name": "Can view group", "content_type": 3, "codename": "view_group"}}, {"model": "auth.permission", "pk": 13, "fields": {"name": "Can add content type", "content_type": 4, "codename": "add_contenttype"}}, {"model": "auth.permission", "pk": 14, "fields": {"name": "Can change content type", "content_type": 4, "codename": "change_contenttype"}}, {"model": "auth.permission", "pk": 15, "fields": {"name": "Can delete content type", "content_type": 4, "codename": "delete_contenttype"}}, {"model": "auth.permission", "pk": 16, "fields": {"name": "Can view content type", "content_type": 4, "codename": "view_contenttype"}}, {"model": "auth.permission", "pk": 17, "fields": {"name": "Can add session", "content_type": 5, "codename": "add_session"}}, {"model": "auth.permission", "pk": 18, "fields": {"name": "Can change session", "content_type": 5, "codename": "change_session"}}, {"model": "auth.permission", "pk": 19, "fields": {"name": "Can delete session", "content_type": 5, "codename": "delete_session"}}, {"model": "auth.permission", "pk": 20, "fields": {"name": "Can view session", "content_type": 5, "codename": "view_session"}}, {"model": "auth.permission", "pk": 21, "fields": {"name": "Can add user", "content_type": 6, "codename": "add_customuser"}}, {"model": "auth.permission", "pk": 22, "fields": {"name": "Can change user", "content_type": 6, "codename": "change_customuser"}}, {"model": "auth.permission", "pk": 23, "fields": {"name": "Can delete user", "content_type": 6, "codename": "delete_customuser"}}, {"model": "auth.permission", "pk": 24, "fields": {"name": "Can view user", "content_type": 6, "codename": "view_customuser"}}, {"model": "auth.permission", "pk": 25, "fields": {"name": "Can add tag", "content_type": 7, "codename": "add_tag"}}, {"model": "auth.permission", "pk": 26, "fields": {"name": "Can change tag", "content_type": 7, "codename": "change_tag"}}, {"model": "auth.permission", "pk": 27, "fields": {"name": "Can delete tag", "content_type": 7, "codename": "delete_tag"}}, {"model": "auth.permission", "pk": 28, "fields": {"name": "Can view tag", "content_type": 7, "codename": "view_tag"}}, {"model": "auth.permission", "pk": 29, "fields": {"name": "Can add question", "content_type": 8, "codename": "add_question"}}, {"model": "auth.permission", "pk": 30, "fields": {"name": "Can change question", "content_type": 8, "codename": "change_question"}}, {"model": "auth.permission", "pk": 31, "fields": {"name": "Can delete question", "content_type": 8, "codename": "delete_question"}}, {"model": "auth.permission", "pk": 32, "fields": {"name": "Can view question", "content_type": 8, "codename": "view_question"}}, {"model": "auth.permission", "pk": 33, "fields": {"name": "Can add answer", "content_type": 9, "codename": "add_answer"}}, {"model": "auth.permission", "pk": 34, "fields": {"name": "Can change answer", "content_type": 9, "codename": "change_answer"}}, {"model": "auth.permission", "pk": 35, "fields": {"name": "Can delete answer", "content_type": 9, "codename": "delete_answer"}}, {"model": "auth.permission", "pk": 36, "fields": {"name": "Can view answer", "content_type": 9, "codename": "view_answer"}}, {"model": "auth.permission", "pk": 37, "fields": {"name": "Can add vote", "content_type": 10, "codename": "add_vote"}}, {"model": "auth.permission", "pk": 38, "fields": {"name": "Can change vote", "content_type": 10, "codename": "change_vote"}}, {"model": "auth.permission", "pk": 39, "fields": {"name": "Can delete vote", "content_type": 10, "codename": "delete_vote"}}, {"model": "auth.permission", "pk": 40, "fields": {"name": "Can view vote", "content_type": 10, "codename": "view_vote"}}, {"model": "auth.permission", "pk": 41, "fields": {"name": "Can add vote answer", "content_type": 11, "codename": "add_voteanswer"}}, {"model": "auth.permission", "pk": 42, "fields": {"name": "Can change vote answer", "content_type": 11, "codename": "change_voteanswer"}}, {"model": "auth.permission", "pk": 43, "fields": {"name": "Can delete vote answer", "content_type": 11, "codename": "delete_voteanswer"}}, {"model": "auth.permission", "pk": 44, "fields": {"name": "Can view vote answer", "content_type": 11, "codename": "view_voteanswer"}}, {"model": "contenttypes.contenttype", "pk": 1, "fields": {"app_label": "admin", "model": "logentry"}}, {"model": "contenttypes.contenttype", "pk": 2, "fields": {"app_label": "auth", "model": "permission"}}, {"model": "contenttypes.contenttype", "pk": 3, "fields": {"app_label": "auth", "model": "group"}}, {"model": "contenttypes.contenttype", "pk": 4, "fields": {"app_label": "contenttypes", "model": "contenttype"}}, {"model": "contenttypes.contenttype", "pk": 5, "fields": {"app_label": "sessions", "model": "session"}}, {"model": "contenttypes.contenttype", "pk": 6, "fields": {"app_label": "users", "model": "customuser"}}, {"model": "contenttypes.contenttype", "pk": 7, "fields": {"app_label": "blog", "model": "tag"}}, {"model": "contenttypes.contenttype", "pk": 8, "fields": {"app_label": "blog", "model": "question"}}, {"model": "contenttypes.contenttype", "pk": 9, "fields": {"app_label": "blog", "model": "answer"}}, {"model": "contenttypes.contenttype", "pk": 10, "fields": {"app_label": "blog", "model": "vote"}}, {"model": "contenttypes.contenttype", "pk": 11, "fields": {"app_label": "blog", "model": "voteanswer"}}, {"model": "sessions.session", "pk": "9dwgg1iu0qbxcwkgqf3dx5ln3k44vxdf", "fields": {"session_data": ".eJxVjE0OwiAYBe_C2hAIFKhL956BfH_YqoGktCvj3bVJF7p9M_NeKsO2TnnrsuSZ1VlZdfrdEOghdQd8h3prmlpdlxn1ruiDdn1tLM_L4f4dTNCnbz0IcmIwIoUMpcJjshDBisWQvMfBFBqjMc65BIiByZbogw-GAg6R1fsDElE4jA:1oIUJN:NjSo87nW9AMNHh4HZCrR3bq3dyLL86gw-akffFZmRoY", "expire_date": "2022-08-15T12:14:17.309Z"}}, {"model": "users.customuser", "pk": 1, "fields": {"password": "pbkdf2_sha256$320000$A5lQNhhUNgcRAMxwlAsPBG$GEWQLd4U/E9GcZ9COLa/1BGfExGtknuM/LUr+PXQLZ8=", "last_login": "2022-08-01T12:14:17.304Z", "is_superuser": true, "username": "admin", "first_name": "", "last_name": "", "is_staff": true, "is_active": true, "date_joined": "2022-08-01T11:58:00.266Z", "email": "aa@mail.ru", "profile_avatar": "images/profile/img_rmcFMkN.png", "groups": [], "user_permissions": []}}, {"model": "users.customuser", "pk": 2, "fields": {"password": "pbkdf2_sha256$320000$I8wiZPa3LMQQfWalKImWxf$shY9Yqtj4De+FGJMDplZXCkado5tZuTffkrKXHv5qbA=", "last_login": "2022-08-01T12:06:50.183Z", "is_superuser": false, "username": "user", "first_name": "", "last_name": "", "is_staff": false, "is_active": true, "date_joined": "2022-08-01T12:03:38.330Z", "email": "user22@mail.ru", "profile_avatar": "images/profile/img2_dKzRKoq.png", "groups": [], "user_permissions": []}}, {"model": "blog.tag", "pk": 1, "fields": {"tag": "тэг"}}, {"model": "blog.tag", "pk": 2, "fields": {"tag": "тэг"}}, {"model": "blog.tag", "pk": 3, "fields": {"tag": "tag1"}}, {"model": "blog.tag", "pk": 4, "fields": {"tag": "tag1"}}, {"model": "blog.tag", "pk": 5, "fields": {"tag": "ответы"}}, {"model": "blog.tag", "pk": 6, "fields": {"tag": "ответы"}}, {"model": "blog.tag", "pk": 7, "fields": {"tag": "тэг"}}, {"model": "blog.tag", "pk": 8, "fields": {"tag": "тэг"}}, {"model": "blog.tag", "pk": 9, "fields": {"tag": "тэг2"}}, {"model": "blog.tag", "pk": 10, "fields": {"tag": "тэг2"}}, {"model": "blog.tag", "pk": 11, "fields": {"tag": "тэг2"}}, {"model": "blog.tag", "pk": 12, "fields": {"tag": "тэг2"}}, {"model": "blog.tag", "pk": 13, "fields": {"tag": "tag1"}}, {"model": "blog.tag", "pk": 14, "fields": {"tag": "tag1"}}, {"model": "blog.tag", "pk": 15, "fields": {"tag": "тэг2"}}, {"model": "blog.tag", "pk": 16, "fields": {"tag": "тэг2"}}, {"model": "blog.tag", "pk": 17, "fields": {"tag": "tag1"}}, {"model": "blog.tag", "pk": 18, "fields": {"tag": "tag1"}}, {"model": "blog.tag", "pk": 19, "fields": {"tag": "tag1"}}, {"model": "blog.tag", "pk": 20, "fields": {"tag": "tag1"}}, {"model": "blog.tag", "pk": 21, "fields": {"tag": "тэг2"}}, {"model": "blog.tag", "pk": 22, "fields": {"tag": "тэг2"}}, {"model": "blog.tag", "pk": 23, "fields": {"tag": "тэг"}}, {"model": "blog.tag", "pk": 24, "fields": {"tag": "тэг"}}, {"model": "blog.tag", "pk": 25, "fields": {"tag": "tag1"}}, {"model": "blog.tag", "pk": 26, "fields": {"tag": "tag1"}}, {"model": "blog.tag", "pk": 27, "fields": {"tag": "тэг"}}, {"model": "blog.tag", "pk": 28, "fields": {"tag": "тэг"}}, {"model": "blog.tag", "pk": 29, "fields": {"tag": "тэг2"}}, {"model": "blog.tag", "pk": 30, "fields": {"tag": "тэг2"}}, {"model": "blog.tag", "pk": 31, "fields": {"tag": "тэг2"}}, {"model": "blog.tag", "pk": 32, "fields": {"tag": "тэг2"}}, {"model": "blog.tag", "pk": 33, "fields": {"tag": "тэг2"}}, {"model": "blog.tag", "pk": 34, "fields": {"tag": "тэг2"}}, {"model": "blog.tag", "pk": 35, "fields": {"tag": "тэг1"}}, {"model": "blog.tag", "pk": 36, "fields": {"tag": "тэг1"}}, {"model": "blog.tag", "pk": 37, "fields": {"tag": "тэг2"}}, {"model": "blog.tag", "pk": 38, "fields": {"tag": "тэг2"}}, {"model": "blog.tag", "pk": 39, "fields": {"tag": "tag1"}}, {"model": "blog.tag", "pk": 40, "fields": {"tag": "tag1"}}, {"model": "blog.tag", "pk": 41, "fields": {"tag": "tag1"}}, {"model": "blog.tag", "pk": 42, "fields": {"tag": "tag1"}}, {"model": "blog.tag", "pk": 43, "fields": {"tag": "тэг1, тэг2, тэг3"}}, {"model": "blog.tag", "pk": 44, "fields": {"tag": "тэг1"}}, {"model": "blog.tag", "pk": 45, "fields": {"tag": " тэг2"}}, {"model": "blog.tag", "pk": 46, "fields": {"tag": " тэг3"}}, {"model": "blog.question", "pk": 1, "fields": {"title": "Вопрос 1", "content": "Содержимое вопроса 1", "date": "2022-08-01T11:59:59.615Z", "author": 1, "rating": 23, "tags": [2]}}, {"model": "blog.question", "pk": 2, "fields": {"title": "Вопрос с большим рейтингом", "content": "нужен рейтинг", "date": "2022-08-01T12:00:24.902Z", "author": 1, "rating": 100, "tags": [4]}}, {"model": "blog.question", "pk": 3, "fields": {"title": "Вопрос с большим количеством ответов", "content": "много ответов", "date": "2022-08-01T12:00:59.060Z", "author": 1, "rating": 1, "tags": [6]}}, {"model": "blog.question", "pk": 4, "fields": {"title": "Вопрос 2", "content": "контент вопроса", "date": "2022-08-01T12:02:02.874Z", "author": 1, "rating": 0, "tags": [8]}}, {"model": "blog.question", "pk": 5, "fields": {"title": "Вопрос 3", "content": "контент вопроса", "date": "2022-08-01T12:02:17.666Z", "author": 1, "rating": 0, "tags": [10]}}, {"model": "blog.question", "pk": 6, "fields": {"title": "Вопрос 4", "content": "контент вопроса", "date": "2022-08-01T12:02:28.322Z", "author": 1, "rating": 0, "tags": [12]}}, {"model": "blog.question", "pk": 7, "fields": {"title": "Вопрос 5", "content": "контент вопроса", "date": "2022-08-01T12:02:37.003Z", "author": 1, "rating": 0, "tags": [14]}}, {"model": "blog.question", "pk": 8, "fields": {"title": "Вопрос 6", "content": "контент вопроса", "date": "2022-08-01T12:02:46.442Z", "author": 1, "rating": 0, "tags": [16]}}, {"model": "blog.question", "pk": 9, "fields": {"title": "Вопрос 7", "content": "контент вопроса", "date": "2022-08-01T12:02:55.696Z", "author": 1, "rating": 0, "tags": [18]}}, {"model": "blog.question", "pk": 10, "fields": {"title": "Вопрос 10", "content": "контент вопроса", "date": "2022-08-01T12:03:08.073Z", "author": 1, "rating": 0, "tags": [20]}}, {"model": "blog.question", "pk": 11, "fields": {"title": "Вопрос lдругого пользователя", "content": "контент вопроса", "date": "2022-08-01T12:12:00.529Z", "author": 2, "rating": 0, "tags": [22]}}, {"model": "blog.question", "pk": 12, "fields": {"title": "Вопрос", "content": "контент вопроса", "date": "2022-08-01T12:12:10.369Z", "author": 2, "rating": 0, "tags": [24]}}, {"model": "blog.question", "pk": 13, "fields": {"title": "Вопрос", "content": "контент вопроса", "date": "2022-08-01T12:12:19.670Z", "author": 2, "rating": 0, "tags": [26]}}, {"model": "blog.question", "pk": 14, "fields": {"title": "Вопрос", "content": "контент вопроса", "date": "2022-08-01T12:12:31.182Z", "author": 2, "rating": 0, "tags": [28]}}, {"model": "blog.question", "pk": 15, "fields": {"title": "Вопрос", "content": "контент вопроса", "date": "2022-08-01T12:12:45.998Z", "author": 2, "rating": 0, "tags": [30]}}, {"model": "blog.question", "pk": 16, "fields": {"title": "Вопрос", "content": "контент вопроса", "date": "2022-08-01T12:12:52.997Z", "author": 2, "rating": 0, "tags": [32]}}, {"model": "blog.question", "pk": 17, "fields": {"title": "Вопрос", "content": "контент вопроса", "date": "2022-08-01T12:13:02.132Z", "author": 2, "rating": 0, "tags": [34]}}, {"model": "blog.question", "pk": 18, "fields": {"title": "Вопрос", "content": "ответ", "date": "2022-08-01T12:13:08.436Z", "author": 2, "rating": 0, "tags": [36]}}, {"model": "blog.question", "pk": 19, "fields": {"title": "Вопрос", "content": "контент вопроса", "date": "2022-08-01T12:13:16.340Z", "author": 2, "rating": 0, "tags": [38]}}, {"model": "blog.question", "pk": 20, "fields": {"title": "Вопрос", "content": "контент вопроса", "date": "2022-08-01T12:13:28.163Z", "author": 2, "rating": 0, "tags": [40]}}, {"model": "blog.question", "pk": 21, "fields": {"title": "Вопрос", "content": "контент вопроса", "date": "2022-08-01T12:13:40.242Z", "author": 2, "rating": 0, "tags": [42]}}, {"model": "blog.question", "pk": 22, "fields": {"title": "Вопрос", "content": "контент вопроса", "date": "2022-08-01T12:13:53.866Z", "author": 2, "rating": 0, "tags": [44, 45, 46]}}, {"model": "blog.answer", "pk": 1, "fields": {"content": "ответ1", "date": "2022-08-01T12:07:20.381Z", "author": 2, "right": false, "question_pk": 3, "rating": 0}}, {"model": "blog.answer", "pk": 2, "fields": {"content": "ответ1", "date": "2022-08-01T12:07:22.804Z", "author": 2, "right": false, "question_pk": 3, "rating": 0}}, {"model": "blog.answer", "pk": 3, "fields": {"content": "ответ2", "date": "2022-08-01T12:07:31.853Z", "author": 2, "right": false, "question_pk": 3, "rating": 0}}, {"model": "blog.answer", "pk": 4, "fields": {"content": "ответ2", "date": "2022-08-01T12:07:32.686Z", "author": 2, "right": false, "question_pk": 3, "rating": 0}}, {"model": "blog.answer", "pk": 5, "fields": {"content": "ответ2", "date": "2022-08-01T12:07:51.206Z", "author": 2, "right": false, "question_pk": 3, "rating": 0}}, {"model": "blog.answer", "pk": 6, "fields": {"content": "ответ20", "date": "2022-08-01T12:07:54.269Z", "author": 2, "right": false, "question_pk": 3, "rating": 0}}, {"model": "blog.answer", "pk": 7, "fields": {"content": "ответ4", "date": "2022-08-01T12:08:14.886Z", "author": 2, "right": false, "question_pk": 3, "rating": 0}}, {"model": "blog.answer", "pk": 9, "fields": {"content": "правильный ответ", "date": "2022-08-01T12:08:42.349Z", "author": 2, "right": true, "question_pk": 3, "rating": 1}}, {"model": "blog.answer", "pk": 10, "fields": {"content": "ответ2", "date": "2022-08-01T12:09:05.422Z", "author": 2, "right": false, "question_pk": 3, "rating": 0}}, {"model": "blog.answer", "pk": 11, "fields": {"content": "ответ3", "date": "2022-08-01T12:09:10.174Z", "author": 2, "right": false, "question_pk": 3, "rating": 0}}, {"model": "blog.answer", "pk": 12, "fields": {"content": "ответ4", "date": "2022-08-01T12:09:11.991Z", "author": 2, "right": false, "question_pk": 3, "rating": 0}}, {"model": "blog.answer", "pk": 13, "fields": {"content": "ответ5", "date": "2022-08-01T12:09:13.743Z", "author": 2, "right": false, "question_pk": 3, "rating": 0}}, {"model": "blog.answer", "pk": 14, "fields": {"content": "ответ6", "date": "2022-08-01T12:09:15.448Z", "author": 2, "right": false, "question_pk": 3, "rating": 0}}, {"model": "blog.answer", "pk": 15, "fields": {"content": "ответ7", "date": "2022-08-01T12:09:17.032Z", "author": 2, "right": false, "question_pk": 3, "rating": 0}}, {"model": "blog.answer", "pk": 16, "fields": {"content": "ответ8", "date": "2022-08-01T12:09:18.409Z", "author": 2, "right": false, "question_pk": 3, "rating": 0}}, {"model": "blog.answer", "pk": 17, "fields": {"content": "ответ9", "date": "2022-08-01T12:09:19.801Z", "author": 2, "right": false, "question_pk": 3, "rating": 0}}, {"model": "blog.answer", "pk": 18, "fields": {"content": "ответ10", "date": "2022-08-01T12:09:23.209Z", "author": 2, "right": false, "question_pk": 3, "rating": 0}}, {"model": "blog.answer", "pk": 19, "fields": {"content": "ответ", "date": "2022-08-01T12:09:25.554Z", "author": 2, "right": false, "question_pk": 3, "rating": 0}}, {"model": "blog.answer", "pk": 20, "fields": {"content": "ответ", "date": "2022-08-01T12:09:25.835Z", "author": 2, "right": false, "question_pk": 3, "rating": 0}}, {"model": "blog.answer", "pk": 21, "fields": {"content": "ответ", "date": "2022-08-01T12:09:26.019Z", "author": 2, "right": false, "question_pk": 3, "rating": 0}}, {"model": "blog.answer", "pk": 22, "fields": {"content": "ответ", "date": "2022-08-01T12:09:26.195Z", "author": 2, "right": false, "question_pk": 3, "rating": 0}}, {"model": "blog.answer", "pk": 23, "fields": {"content": "ответ", "date": "2022-08-01T12:09:26.355Z", "author": 2, "right": false, "question_pk": 3, "rating": 0}}, {"model": "blog.answer", "pk": 24, "fields": {"content": "ответ", "date": "2022-08-01T12:09:26.516Z", "author": 2, "right": false, "question_pk": 3, "rating": 0}}, {"model": "blog.answer", "pk": 25, "fields": {"content": "ответ", "date": "2022-08-01T12:09:26.662Z", "author": 2, "right": false, "question_pk": 3, "rating": 0}}, {"model": "blog.answer", "pk": 26, "fields": {"content": "ответ", "date": "2022-08-01T12:09:26.812Z", "author": 2, "right": false, "question_pk": 3, "rating": 0}}, {"model": "blog.answer", "pk": 27, "fields": {"content": "ответ", "date": "2022-08-01T12:09:26.975Z", "author": 2, "right": false, "question_pk": 3, "rating": 0}}, {"model": "blog.answer", "pk": 28, "fields": {"content": "ответ", "date": "2022-08-01T12:09:40.991Z", "author": 2, "right": false, "question_pk": 3, "rating": 0}}, {"model": "blog.answer", "pk": 29, "fields": {"content": "ответ", "date": "2022-08-01T12:09:43.654Z", "author": 2, "right": false, "question_pk": 3, "rating": 0}}, {"model": "blog.answer", "pk": 30, "fields": {"content": "ответ", "date": "2022-08-01T12:09:44.295Z", "author": 2, "right": false, "question_pk": 3, "rating": 0}}, {"model": "blog.answer", "pk": 31, "fields": {"content": "ответ", "date": "2022-08-01T12:09:44.551Z", "author": 2, "right": false, "question_pk": 3, "rating": 0}}, {"model": "blog.answer", "pk": 32, "fields": {"content": "ответ", "date": "2022-08-01T12:09:44.775Z", "author": 2, "right": false, "question_pk": 3, "rating": 0}}, {"model": "blog.answer", "pk": 33, "fields": {"content": "ответ", "date": "2022-08-01T12:09:44.993Z", "author": 2, "right": false, "question_pk": 3, "rating": 0}}, {"model": "blog.answer", "pk": 34, "fields": {"content": "ответ", "date": "2022-08-01T12:09:45.218Z", "author": 2, "right": false, "question_pk": 3, "rating": 0}}, {"model": "blog.answer", "pk": 35, "fields": {"content": "ответ", "date": "2022-08-01T12:09:45.481Z", "author": 2, "right": false, "question_pk": 3, "rating": 0}}, {"model": "blog.answer", "pk": 36, "fields": {"content": "ответ", "date": "2022-08-01T12:09:45.763Z", "author": 2, "right": false, "question_pk": 3, "rating": 0}}, {"model": "blog.answer", "pk": 37, "fields": {"content": "ответ", "date": "2022-08-01T12:09:46.244Z", "author": 2, "right": false, "question_pk": 3, "rating": 0}}, {"model": "blog.answer", "pk": 38, "fields": {"content": "ответ", "date": "2022-08-01T12:09:47.347Z", "author": 2, "right": false, "question_pk": 3, "rating": 0}}, {"model": "blog.answer", "pk": 39, "fields": {"content": "ответ", "date": "2022-08-01T12:09:47.882Z", "author": 2, "right": false, "question_pk": 3, "rating": 0}}, {"model": "blog.answer", "pk": 40, "fields": {"content": "ответ", "date": "2022-08-01T12:09:53.567Z", "author": 2, "right": false, "question_pk": 3, "rating": 0}}, {"model": "blog.answer", "pk": 41, "fields": {"content": "ответ2", "date": "2022-08-01T12:11:32.647Z", "author": 2, "right": false, "question_pk": 3, "rating": 0}}, {"model": "blog.answer", "pk": 42, "fields": {"content": "ответ2", "date": "2022-08-01T12:11:34.514Z", "author": 2, "right": false, "question_pk": 3, "rating": 0}}, {"model": "blog.vote", "pk": 1, "fields": {"user": 2, "question_pk": 3, "vote": true}}, {"model": "blog.voteanswer", "pk": 1, "fields": {"user": 1, "answer_pk": 9, "vote": true}}]