[
  {
    "model": "admin.logentry",
    "pk": 1,
    "fields": {
      "action_time": "2022-05-04T10:51:09.769Z",
      "user": 1,
      "content_type": 6,
      "object_id": "1",
      "object_repr": "admin",
      "action_flag": 2,
      "change_message": "[{\"changed\": {\"fields\": [\"First name\", \"Last name\", \"Name\", \"Email\", \"Profile pic\"]}}]"
    }
  },
  {
    "model": "admin.logentry",
    "pk": 2,
    "fields": {
      "action_time": "2022-05-07T04:07:17.523Z",
      "user": 1,
      "content_type": 7,
      "object_id": "1",
      "object_repr": "Tag object (1)",
      "action_flag": 1,
      "change_message": "[{\"added\": {}}]"
    }
  },
  {
    "model": "admin.logentry",
    "pk": 3,
    "fields": {
      "action_time": "2022-05-07T04:07:35.562Z",
      "user": 1,
      "content_type": 8,
      "object_id": "1",
      "object_repr": "Question object (1)",
      "action_flag": 1,
      "change_message": "[{\"added\": {}}]"
    }
  },
  {
    "model": "auth.permission",
    "pk": 1,
    "fields": {
      "name": "Can add log entry",
      "content_type": 1,
      "codename": "add_logentry"
    }
  },
  {
    "model": "auth.permission",
    "pk": 2,
    "fields": {
      "name": "Can change log entry",
      "content_type": 1,
      "codename": "change_logentry"
    }
  },
  {
    "model": "auth.permission",
    "pk": 3,
    "fields": {
      "name": "Can delete log entry",
      "content_type": 1,
      "codename": "delete_logentry"
    }
  },
  {
    "model": "auth.permission",
    "pk": 4,
    "fields": {
      "name": "Can view log entry",
      "content_type": 1,
      "codename": "view_logentry"
    }
  },
  {
    "model": "auth.permission",
    "pk": 5,
    "fields": {
      "name": "Can add permission",
      "content_type": 2,
      "codename": "add_permission"
    }
  },
  {
    "model": "auth.permission",
    "pk": 6,
    "fields": {
      "name": "Can change permission",
      "content_type": 2,
      "codename": "change_permission"
    }
  },
  {
    "model": "auth.permission",
    "pk": 7,
    "fields": {
      "name": "Can delete permission",
      "content_type": 2,
      "codename": "delete_permission"
    }
  },
  {
    "model": "auth.permission",
    "pk": 8,
    "fields": {
      "name": "Can view permission",
      "content_type": 2,
      "codename": "view_permission"
    }
  },
  {
    "model": "auth.permission",
    "pk": 9,
    "fields": {
      "name": "Can add group",
      "content_type": 3,
      "codename": "add_group"
    }
  },
  {
    "model": "auth.permission",
    "pk": 10,
    "fields": {
      "name": "Can change group",
      "content_type": 3,
      "codename": "change_group"
    }
  },
  {
    "model": "auth.permission",
    "pk": 11,
    "fields": {
      "name": "Can delete group",
      "content_type": 3,
      "codename": "delete_group"
    }
  },
  {
    "model": "auth.permission",
    "pk": 12,
    "fields": {
      "name": "Can view group",
      "content_type": 3,
      "codename": "view_group"
    }
  },
  {
    "model": "auth.permission",
    "pk": 13,
    "fields": {
      "name": "Can add content type",
      "content_type": 4,
      "codename": "add_contenttype"
    }
  },
  {
    "model": "auth.permission",
    "pk": 14,
    "fields": {
      "name": "Can change content type",
      "content_type": 4,
      "codename": "change_contenttype"
    }
  },
  {
    "model": "auth.permission",
    "pk": 15,
    "fields": {
      "name": "Can delete content type",
      "content_type": 4,
      "codename": "delete_contenttype"
    }
  },
  {
    "model": "auth.permission",
    "pk": 16,
    "fields": {
      "name": "Can view content type",
      "content_type": 4,
      "codename": "view_contenttype"
    }
  },
  {
    "model": "auth.permission",
    "pk": 17,
    "fields": {
      "name": "Can add session",
      "content_type": 5,
      "codename": "add_session"
    }
  },
  {
    "model": "auth.permission",
    "pk": 18,
    "fields": {
      "name": "Can change session",
      "content_type": 5,
      "codename": "change_session"
    }
  },
  {
    "model": "auth.permission",
    "pk": 19,
    "fields": {
      "name": "Can delete session",
      "content_type": 5,
      "codename": "delete_session"
    }
  },
  {
    "model": "auth.permission",
    "pk": 20,
    "fields": {
      "name": "Can view session",
      "content_type": 5,
      "codename": "view_session"
    }
  },
  {
    "model": "auth.permission",
    "pk": 21,
    "fields": {
      "name": "Can add user",
      "content_type": 6,
      "codename": "add_customuser"
    }
  },
  {
    "model": "auth.permission",
    "pk": 22,
    "fields": {
      "name": "Can change user",
      "content_type": 6,
      "codename": "change_customuser"
    }
  },
  {
    "model": "auth.permission",
    "pk": 23,
    "fields": {
      "name": "Can delete user",
      "content_type": 6,
      "codename": "delete_customuser"
    }
  },
  {
    "model": "auth.permission",
    "pk": 24,
    "fields": {
      "name": "Can view user",
      "content_type": 6,
      "codename": "view_customuser"
    }
  },
  {
    "model": "auth.permission",
    "pk": 25,
    "fields": {
      "name": "Can add tag",
      "content_type": 7,
      "codename": "add_tag"
    }
  },
  {
    "model": "auth.permission",
    "pk": 26,
    "fields": {
      "name": "Can change tag",
      "content_type": 7,
      "codename": "change_tag"
    }
  },
  {
    "model": "auth.permission",
    "pk": 27,
    "fields": {
      "name": "Can delete tag",
      "content_type": 7,
      "codename": "delete_tag"
    }
  },
  {
    "model": "auth.permission",
    "pk": 28,
    "fields": {
      "name": "Can view tag",
      "content_type": 7,
      "codename": "view_tag"
    }
  },
  {
    "model": "auth.permission",
    "pk": 29,
    "fields": {
      "name": "Can add question",
      "content_type": 8,
      "codename": "add_question"
    }
  },
  {
    "model": "auth.permission",
    "pk": 30,
    "fields": {
      "name": "Can change question",
      "content_type": 8,
      "codename": "change_question"
    }
  },
  {
    "model": "auth.permission",
    "pk": 31,
    "fields": {
      "name": "Can delete question",
      "content_type": 8,
      "codename": "delete_question"
    }
  },
  {
    "model": "auth.permission",
    "pk": 32,
    "fields": {
      "name": "Can view question",
      "content_type": 8,
      "codename": "view_question"
    }
  },
  {
    "model": "auth.permission",
    "pk": 33,
    "fields": {
      "name": "Can add answer",
      "content_type": 9,
      "codename": "add_answer"
    }
  },
  {
    "model": "auth.permission",
    "pk": 34,
    "fields": {
      "name": "Can change answer",
      "content_type": 9,
      "codename": "change_answer"
    }
  },
  {
    "model": "auth.permission",
    "pk": 35,
    "fields": {
      "name": "Can delete answer",
      "content_type": 9,
      "codename": "delete_answer"
    }
  },
  {
    "model": "auth.permission",
    "pk": 36,
    "fields": {
      "name": "Can view answer",
      "content_type": 9,
      "codename": "view_answer"
    }
  },
  {
    "model": "contenttypes.contenttype",
    "pk": 1,
    "fields": {
      "app_label": "admin",
      "model": "logentry"
    }
  },
  {
    "model": "contenttypes.contenttype",
    "pk": 2,
    "fields": {
      "app_label": "auth",
      "model": "permission"
    }
  },
  {
    "model": "contenttypes.contenttype",
    "pk": 3,
    "fields": {
      "app_label": "auth",
      "model": "group"
    }
  },
  {
    "model": "contenttypes.contenttype",
    "pk": 4,
    "fields": {
      "app_label": "contenttypes",
      "model": "contenttype"
    }
  },
  {
    "model": "contenttypes.contenttype",
    "pk": 5,
    "fields": {
      "app_label": "sessions",
      "model": "session"
    }
  },
  {
    "model": "contenttypes.contenttype",
    "pk": 6,
    "fields": {
      "app_label": "users",
      "model": "customuser"
    }
  },
  {
    "model": "contenttypes.contenttype",
    "pk": 7,
    "fields": {
      "app_label": "blog",
      "model": "tag"
    }
  },
  {
    "model": "contenttypes.contenttype",
    "pk": 8,
    "fields": {
      "app_label": "blog",
      "model": "question"
    }
  },
  {
    "model": "contenttypes.contenttype",
    "pk": 9,
    "fields": {
      "app_label": "blog",
      "model": "answer"
    }
  },
  {
    "model": "sessions.session",
    "pk": "7e5jw5zm13k6ivfxy0w5sfruetyuq7r6",
    "fields": {
      "session_data": ".eJxVjEEOwiAQRe_C2pBCC0NduvcMZJiZSNVAUtqV8e5K0oVu_3v_vVTEfctxb7LGhdVZGXX63RLSQ0oHfMdyq5pq2dYl6a7ogzZ9rSzPy-H-BTK23LOzECdDTBCQJovAAuiT9Y6B0TJPYfDsrNgBBcLsjHWGzQjfU5JRvT8N7jiA:1nqTG9:t_jpchikodlbmzXViZToSULrr49DHjS7AL_qQY77bL8",
      "expire_date": "2022-05-30T05:27:09.086Z"
    }
  },
  {
    "model": "sessions.session",
    "pk": "dfyi10am81xmjx7w1bff381vlsqtajtn",
    "fields": {
      "session_data": ".eJxVjE0OwiAYBe_C2hCgINal-56BfH9I1dCktCvj3Q1JF7p9M_PeKsG-lbQ3WdPM6qqsOv1uCPSU2gE_oN4XTUvd1hl1V_RBm54WltftcP8OCrTSaxAgIYc5oxut9zFkJIOGLAIMwjCCNWeHnD0ZsBBClOHCaEPMMYv6fAE2ijm8:1nrrmG:OHx3dSxC1L7PYnD56Aj1Q-ZgqvgrCDSLUOHsw2-uHQU",
      "expire_date": "2022-06-03T01:50:04.237Z"
    }
  },
  {
    "model": "sessions.session",
    "pk": "hlepury4htbcfxij43ha82xqen8wwtxe",
    "fields": {
      "session_data": ".eJxVjEEOwiAQRe_C2pCOlFJcuu8ZyMwwSNVAUtqV8e7apAvd_vfef6mA25rD1mQJc1QXBer0uxHyQ8oO4h3LrWquZV1m0ruiD9r0VKM8r4f7d5Cx5W8tfpQoJjlH1oPBc4RECMYCIBtixzxYkMierO16kzBJPxJKx45wSOr9AQloOUQ:1nphyl:iS_sA9_QQGCw_We0OnGeTiDsEGZ5aJUvmxsvhkfNzuM",
      "expire_date": "2022-05-28T02:58:03.800Z"
    }
  },
  {
    "model": "users.customuser",
    "pk": 1,
    "fields": {
      "password": "pbkdf2_sha256$216000$5oPEsnzAsmpC$gD5Tz7rwbJoLJkX4ZRRkHPxJCctgX9WLsr9DEwQYFc8=",
      "last_login": "2022-05-20T01:50:04.053Z",
      "is_superuser": true,
      "username": "admin",
      "first_name": "админ",
      "last_name": "админов",
      "is_staff": true,
      "is_active": true,
      "date_joined": "2022-04-30T04:13:58Z",
      "email": "ilia.chernov@infotecs.ru",
      "profile_pic": "images/profile/Screenshot_3.png",
      "groups": [],
      "user_permissions": []
    }
  },
  {
    "model": "users.customuser",
    "pk": 2,
    "fields": {
      "password": "1",
      "last_login": null,
      "is_superuser": true,
      "username": "bob",
      "first_name": "Боб",
      "last_name": "Боб",
      "is_staff": false,
      "is_active": true,
      "date_joined": "2022-05-05T11:48:10Z",
      "email": "ili2a.chernov@infotecs.ru",
      "profile_pic": "",
      "groups": [],
      "user_permissions": []
    }
  },
  {
    "model": "users.customuser",
    "pk": 3,
    "fields": {
      "password": "1",
      "last_login": null,
      "is_superuser": false,
      "username": "",
      "first_name": "",
      "last_name": "",
      "is_staff": false,
      "is_active": true,
      "date_joined": "2022-05-06T04:18:55.011Z",
      "email": "s@mail.ru",
      "profile_pic": "",
      "groups": [],
      "user_permissions": []
    }
  },
  {
    "model": "users.customuser",
    "pk": 4,
    "fields": {
      "password": "pbkdf2_sha256$320000$GYizAs9MHnuG3FrpQRXXT8$wgBy8VeCv5PKTZve6jZOEpArfsggtJiK2wVCUX262Xc=",
      "last_login": "2022-05-06T04:43:29.524Z",
      "is_superuser": false,
      "username": "bob2",
      "first_name": "",
      "last_name": "",
      "is_staff": false,
      "is_active": true,
      "date_joined": "2022-05-06T04:43:20.253Z",
      "email": "s3@mail.ru",
      "profile_pic": "",
      "groups": [],
      "user_permissions": []
    }
  },
  {
    "model": "users.customuser",
    "pk": 5,
    "fields": {
      "password": "pbkdf2_sha256$216000$e3qZqysjKl3E$flqf1i3Z2M3+i2AuDFTfFuEy1EQfL1D8fJRva4dUAMs=",
      "last_login": "2022-05-07T03:22:11.219Z",
      "is_superuser": false,
      "username": "user",
      "first_name": "",
      "last_name": "",
      "is_staff": false,
      "is_active": true,
      "date_joined": "2022-05-07T03:22:06.198Z",
      "email": "b@mil.ru",
      "profile_pic": "",
      "groups": [],
      "user_permissions": []
    }
  },
  {
    "model": "blog.tag",
    "pk": 1,
    "fields": {
      "tag": "t"
    }
  },
  {
    "model": "blog.tag",
    "pk": 2,
    "fields": {
      "tag": "ss"
    }
  },
  {
    "model": "blog.tag",
    "pk": 3,
    "fields": {
      "tag": "ss"
    }
  },
  {
    "model": "blog.tag",
    "pk": 4,
    "fields": {
      "tag": "ss"
    }
  },
  {
    "model": "blog.tag",
    "pk": 5,
    "fields": {
      "tag": "ss"
    }
  },
  {
    "model": "blog.tag",
    "pk": 6,
    "fields": {
      "tag": "ss"
    }
  },
  {
    "model": "blog.tag",
    "pk": 7,
    "fields": {
      "tag": "ss"
    }
  },
  {
    "model": "blog.tag",
    "pk": 8,
    "fields": {
      "tag": "ss"
    }
  },
  {
    "model": "blog.tag",
    "pk": 9,
    "fields": {
      "tag": "ss"
    }
  },
  {
    "model": "blog.tag",
    "pk": 10,
    "fields": {
      "tag": "ss"
    }
  },
  {
    "model": "blog.tag",
    "pk": 11,
    "fields": {
      "tag": "ss"
    }
  },
  {
    "model": "blog.tag",
    "pk": 12,
    "fields": {
      "tag": "s"
    }
  },
  {
    "model": "blog.tag",
    "pk": 13,
    "fields": {
      "tag": "s"
    }
  },
  {
    "model": "blog.tag",
    "pk": 14,
    "fields": {
      "tag": "s"
    }
  },
  {
    "model": "blog.tag",
    "pk": 15,
    "fields": {
      "tag": "s2"
    }
  },
  {
    "model": "blog.tag",
    "pk": 16,
    "fields": {
      "tag": "s2"
    }
  },
  {
    "model": "blog.tag",
    "pk": 17,
    "fields": {
      "tag": "s2"
    }
  },
  {
    "model": "blog.tag",
    "pk": 18,
    "fields": {
      "tag": "s2"
    }
  },
  {
    "model": "blog.tag",
    "pk": 19,
    "fields": {
      "tag": "s2"
    }
  },
  {
    "model": "blog.tag",
    "pk": 20,
    "fields": {
      "tag": "1"
    }
  },
  {
    "model": "blog.tag",
    "pk": 21,
    "fields": {
      "tag": "2"
    }
  },
  {
    "model": "blog.tag",
    "pk": 22,
    "fields": {
      "tag": "2"
    }
  },
  {
    "model": "blog.tag",
    "pk": 23,
    "fields": {
      "tag": "2"
    }
  },
  {
    "model": "blog.tag",
    "pk": 24,
    "fields": {
      "tag": "2"
    }
  },
  {
    "model": "blog.tag",
    "pk": 25,
    "fields": {
      "tag": "2"
    }
  },
  {
    "model": "blog.tag",
    "pk": 26,
    "fields": {
      "tag": "2"
    }
  },
  {
    "model": "blog.tag",
    "pk": 27,
    "fields": {
      "tag": "2"
    }
  },
  {
    "model": "blog.tag",
    "pk": 28,
    "fields": {
      "tag": "2"
    }
  },
  {
    "model": "blog.tag",
    "pk": 29,
    "fields": {
      "tag": "23"
    }
  },
  {
    "model": "blog.tag",
    "pk": 30,
    "fields": {
      "tag": "1"
    }
  },
  {
    "model": "blog.tag",
    "pk": 31,
    "fields": {
      "tag": "s"
    }
  },
  {
    "model": "blog.question",
    "pk": 1,
    "fields": {
      "title": "вопрос",
      "content": "содержание вопроса",
      "date": "2022-05-14T03:55:24.089Z",
      "author": 2,
      "tag": 1,
      "rating": 0
    }
  },
  {
    "model": "blog.question",
    "pk": 2,
    "fields": {
      "title": "title",
      "content": "s",
      "date": "2022-05-14T04:55:12.282Z",
      "author": 1,
      "tag": 12,
      "rating": 0
    }
  },
  {
    "model": "blog.question",
    "pk": 3,
    "fields": {
      "title": "title",
      "content": "s",
      "date": "2022-05-15T07:31:40.246Z",
      "author": 1,
      "tag": 27,
      "rating": 0
    }
  },
  {
    "model": "blog.question",
    "pk": 4,
    "fields": {
      "title": "title",
      "content": "s",
      "date": "2022-05-15T07:31:43.857Z",
      "author": 1,
      "tag": 28,
      "rating": 0
    }
  },
  {
    "model": "blog.question",
    "pk": 5,
    "fields": {
      "title": "title2",
      "content": "sss",
      "date": "2022-05-15T07:31:54.236Z",
      "author": 1,
      "tag": 29,
      "rating": 0
    }
  },
  {
    "model": "blog.question",
    "pk": 6,
    "fields": {
       "title": "вопрос 6",
      "content": "содержание вопроса",
      "date": "2022-05-16T05:27:24.726Z",
      "author": 1,
      "tag": 30,
      "rating": 0
    }
  },
  {
    "model": "blog.question",
    "pk": 7,
    "fields": {
      "title": "вопрос 7",
      "content": "1",
      "date": "2022-05-20T01:50:18.953Z",
      "author": 1,
      "tag": 31,
      "rating": 0
    }
  },
  {
    "model": "blog.question",
    "pk": 8,
    "fields": {
      "title": "вопрос 8",
      "content": "содержание вопроса",
      "date": "2022-05-20T01:50:18.953Z",
      "author": 1,
      "tag": 31,
      "rating": 5
    }
  },
  {
    "model": "blog.question",
    "pk": 9,
    "fields": {
      "title": "вопрос 9",
      "content": "содержание вопроса",
      "date": "2022-05-20T01:50:18.953Z",
      "author": 1,
      "tag": 31,
      "rating": 5
    }
  },
  {
    "model": "blog.question",
    "pk": 10,
    "fields": {
      "title": "question",
      "content": "1",
      "date": "2022-05-20T01:50:18.953Z",
      "author": 1,
      "tag": 31,
      "rating": 15
    }
  },
  {
    "model": "blog.question",
    "pk": 11,
    "fields": {
      "title": "question2",
      "content": "1",
      "date": "2022-05-20T01:50:18.953Z",
      "author": 1,
      "tag": 31,
      "rating": 25
    }
  },
  {
    "model": "blog.question",
    "pk": 12,
    "fields": {
      "title": "high rating question",
      "content": "1",
      "date": "2022-05-20T01:50:18.953Z",
      "author": 1,
      "tag": 31,
      "rating": 42
    }
  },
  {
    "model": "blog.question",
    "pk": 13,
    "fields": {
      "title": "question 4",
      "content": "1",
      "date": "2022-05-20T01:50:18.953Z",
      "author": 1,
      "tag": 31,
      "rating": 11
    }
  },
  {
    "model": "blog.question",
    "pk": 14,
    "fields": {
      "title": "question 5",
      "content": "1",
      "date": "2022-05-20T01:50:18.953Z",
      "author": 1,
      "tag": 31,
      "rating": 11
    }
  },

  {
    "model": "blog.question",
    "pk": 15,
    "fields": {
      "title": "question 6",
      "content": "1",
      "date": "2022-05-20T01:50:18.953Z",
      "author": 1,
      "tag": 31,
      "rating": 12
    }
  },

  {
    "model": "blog.question",
    "pk": 16,
    "fields": {
      "title": "question 7",
      "content": "1",
      "date": "2022-05-20T01:50:18.953Z",
      "author": 1,
      "tag": 31,
      "rating": 11
    }
  },

  {
    "model": "blog.question",
    "pk": 17,
    "fields": {
      "title": "question 8",
      "content": "1",
      "date": "2022-05-20T01:50:18.953Z",
      "author": 1,
      "tag": 31,
      "rating": 11
    }
  },

  {
    "model": "blog.question",
    "pk": 18,
    "fields": {
      "title": "question 9",
      "content": "1",
      "date": "2022-05-20T01:50:18.953Z",
      "author": 1,
      "tag": 31,
      "rating": 11
    }
  },

  {
    "model": "blog.question",
    "pk": 19,
    "fields": {
      "title": "question 10",
      "content": "1",
      "date": "2022-05-20T01:50:18.953Z",
      "author": 1,
      "tag": 31,
      "rating": 11
    }
  },

  {
    "model": "blog.question",
    "pk": 20,
    "fields": {
      "title": "question 11",
      "content": "1",
      "date": "2022-05-20T01:50:18.953Z",
      "author": 1,
      "tag": 31,
      "rating": 11
    }
  },

  {
    "model": "blog.question",
    "pk": 21,
    "fields": {
      "title": "question 12",
      "content": "1",
      "date": "2022-05-20T01:50:18.953Z",
      "author": 1,
      "tag": 31,
      "rating": 11
    }
  },

  {
    "model": "blog.answer",
    "pk": 1,
    "fields": {
      "content": "ответ",
      "date": "2022-05-18T05:22:30.823Z",
      "author": 1,
      "right": false,
      "question_pk": 1
    }
  },
  {
    "model": "blog.answer",
    "pk": 2,
    "fields": {
       "content": "ответ2",
      "date": "2022-05-18T05:22:39.497Z",
      "author": 1,
      "right": false,
      "question_pk": 1
    }
  },
  {
    "model": "blog.answer",
    "pk": 3,
    "fields": {
       "content": "ответ3",
      "date": "2022-05-18T05:24:50.232Z",
      "author": 1,
      "right": false,
      "question_pk": 1
    }
  },
  {
    "model": "blog.answer",
    "pk": 4,
    "fields": {
       "content": "ответ4",
      "date": "2022-05-18T05:27:13.649Z",
      "author": 1,
      "right": false,
      "question_pk": 1
    }
  },
  {
    "model": "blog.answer",
    "pk": 5,
    "fields": {
       "content": "ответ5",
      "date": "2022-05-18T11:45:50.768Z",
      "author": 1,
      "right": false,
      "question_pk": 6
    }
  },
  {
    "model": "blog.answer",
    "pk": 6,
    "fields": {
       "content": "ответ6",
      "date": "2022-05-18T11:45:56.704Z",
      "author": 1,
      "right": false,
      "question_pk": 6
    }
  },
  {
    "model": "blog.answer",
    "pk": 7,
    "fields": {
      "content": "answer1",
      "date": "2022-05-20T01:50:33.672Z",
      "author": 1,
      "right": false,
      "question_pk": 7
    }
  },
  {
    "model": "blog.answer",
    "pk": 8,
    "fields": {
       "content": "ответ8",
      "date": "2022-05-20T01:50:33.672Z",
      "author": 1,
      "right": false,
      "question_pk": 7
    }
  },
  {
    "model": "blog.answer",
    "pk": 9,
    "fields": {
      "content": "answer2",
      "date": "2022-05-20T01:50:33.672Z",
      "author": 1,
      "right": false,
      "question_pk": 7
    }
  },
  {
    "model": "blog.answer",
    "pk": 10,
    "fields": {
      "content": "answer3",
      "date": "2022-05-20T01:50:33.672Z",
      "author": 1,
      "right": false,
      "question_pk": 7
    }
  },
  {
    "model": "blog.answer",
    "pk": 11,
    "fields": {
      "content": "answer4",
      "date": "2022-05-20T01:50:33.672Z",
      "author": 1,
      "right": false,
      "question_pk": 7
    }
  },
  {
    "model": "blog.answer",
    "pk": 12,
    "fields": {
      "content": "answer5",
      "date": "2022-05-20T01:50:33.672Z",
      "author": 1,
      "right": false,
      "question_pk": 7
    }
  },
  {
    "model": "blog.answer",
    "pk": 13,
    "fields": {
      "content": "answer6",
      "date": "2022-05-20T01:50:33.672Z",
      "author": 1,
      "right": false,
      "question_pk": 7
    }
  },
  {
    "model": "blog.answer",
    "pk": 14,
    "fields": {
      "content": "answer7",
      "date": "2022-05-20T01:50:33.672Z",
      "author": 1,
      "right": true,
      "question_pk": 7
    }
  },
  {
    "model": "blog.answer",
    "pk": 15,
    "fields": {
      "content": "answer8",
      "date": "2022-05-20T01:50:33.672Z",
      "author": 1,
      "right": false,
      "question_pk": 7
    }
  },
  {
    "model": "blog.answer",
    "pk": 16,
    "fields": {
      "content": "answer9",
      "date": "2022-05-20T01:50:33.672Z",
      "author": 1,
      "right": false,
      "question_pk": 7
    }
  },
  {
    "model": "blog.answer",
    "pk": 17,
    "fields": {
      "content": "answer10",
      "date": "2022-05-20T01:50:33.672Z",
      "author": 1,
      "right": false,
      "question_pk": 7
    }
  },
  {
    "model": "blog.answer",
    "pk": 18,
    "fields": {
      "content": "answer11",
      "date": "2022-05-20T01:50:33.672Z",
      "author": 1,
      "right": true,
      "question_pk": 7
    }
  },
  {
    "model": "blog.answer",
    "pk": 19,
    "fields": {
      "content": "answer12",
      "date": "2022-05-20T01:50:33.672Z",
      "author": 1,
      "right": false,
      "question_pk": 7
    }
  },
  {
    "model": "blog.answer",
    "pk": 20,
    "fields": {
      "content": "answer13",
      "date": "2022-05-20T01:50:33.672Z",
      "author": 1,
      "right": false,
      "question_pk": 7
    }
  },
  {
    "model": "blog.answer",
    "pk": 21,
    "fields": {
      "content": "answer14",
      "date": "2022-05-20T01:50:33.672Z",
      "author": 1,
      "right": false,
      "question_pk": 7
    }
  },
  {
    "model": "blog.answer",
    "pk": 22,
    "fields": {
      "content": "answer15",
      "date": "2022-05-20T01:50:33.672Z",
      "author": 1,
      "right": false,
      "question_pk": 7
    }
  },
  {
    "model": "blog.answer",
    "pk": 22,
    "fields": {
      "content": "answer16",
      "date": "2022-05-20T01:50:33.672Z",
      "author": 1,
      "right": false,
      "question_pk": 7
    }
  },
  {
    "model": "blog.answer",
    "pk": 23,
    "fields": {
      "content": "answer17",
      "date": "2022-05-20T01:50:33.672Z",
      "author": 1,
      "right": false,
      "question_pk": 7
    }
  },
  {
    "model": "blog.answer",
    "pk": 24,
    "fields": {
      "content": "answer18",
      "date": "2022-05-20T01:50:33.672Z",
      "author": 1,
      "right": false,
      "question_pk": 7
    }
  }
]